{
  "display_name": "Firebird",
  "description": "Interplanetary Fighter - Fast and Armoured. Attacks Air. ",
  "TEMP_texelinfo": 7.96209,
  "audio": {
    "loops": {
      "move": {
        "cue": "/SE/Movement/air/air_fighter_loop_advanced",
        "flag": "vel_changed",
        "should_start_func": "is_moving_laterally",
        "should_stop_func": "is_not_moving"
      }
    },
    "selection_response": {
      "cue": "/SE/Selection/air/fighter"
    }
  },
  "base_spec": "/pa/units/air/base_flyer/base_flyer.json",
  "build_metal_cost": 820,
  "events": {
    "died": {
      "effect_scale": 0.85,
      "effect_spec": "/pa/units/air/base_flyer/base_flyer_death_t2.pfx"
    },
    "fired0": {
      "audio_cue": "/SE/Weapons/structure/laser_defense_single_fire"
    },
    "fired1": {
      "audio_cue": "/SE/Weapons/structure/laser_defense_single_fire"
    },
    "fired2": {
      "audio_cue": "/SE/Weapons/air/fighter_fire_advanced"
    }
  },
  "fx_offsets": [
    {
      "bone": "thrust001",
      "filename": "/pa/units/air/l_fighter_adv/fighter_jets_big.pfx",
      "offset": [
        0,
        0,
        0
      ],
      "type": "moving_forward"
    },
    {
      "bone": "thrust001",
      "filename": "/pa/units/air/l_fighter_adv/fighter_lines_thrust.pfx",
      "offset": [
        0,
        0,
        0
      ],
      "type": "moving_forward"
    },
    {
      "bone": "thrust002",
      "filename": "/pa/units/air/l_fighter_adv/fighter_jets.pfx",
      "offset": [
        0,
        0,
        0
      ],
      "type": "moving_forward"
    },
    {
      "bone": "thrust003",
      "filename": "/pa/units/air/l_fighter_adv/fighter_jets.pfx",
      "offset": [
        0,
        0,
        0
      ],
      "type": "moving_forward"
    },
    {
      "bone": "thrust002",
      "filename": "/pa/units/air/l_fighter_adv/fighter_lines_thrust.pfx",
      "offset": [
        0,
        0,
        0
      ],
      "type": "moving_forward"
    },
    {
      "bone": "thrust003",
      "filename": "/pa/units/air/l_fighter_adv/fighter_lines_thrust.pfx",
      "offset": [
        0,
        0,
        0
      ],
      "type": "moving_forward"
    },
    {
      "bone": "muzzle_left",
      "filename": "/pa/units/air/l_fighter_adv/fighter_lines.pfx",
      "offset": [
        0.5,
        8.5,
        0
      ],
      "type": "moving_forward"
    },
    {
      "bone": "muzzle_right",
      "filename": "/pa/units/air/l_fighter_adv/fighter_lines.pfx",
      "offset": [
        -0.5,
        8.5,
        0
      ],
      "type": "moving_forward"
    }
  ],
  "gravwell_velocity_multiplier": 6.0,
  "guard_layer": "WL_Air",
  "max_health": 300,
  "mesh_bounds": [
    4.5,
    9.2,
    4
  ],
  "model": {
    "animtree": "/pa/anim/anim_trees/l_fighter_adv_anim_tree.json",
    "filename": "/pa/units/air/l_fighter_adv/l_fighter_adv.papa"
  },
  "navigation": {
    "acceleration": 90,
    "bank_factor": 2,
    "brake": 90,
    "inter_planetary_type": "system",
    "move_speed": 90,
    "turn_speed": 300,
    "vertical_speed": 50
  },
  "recon": {
    "observer": {
      "items": [
        {
          "channel": "sight",
          "layer": "surface_and_air",
          "radius": 150,
          "shape": "capsule"
        },
        {
          "channel": "sight",
          "layer": "underwater",
          "radius": 150,
          "shape": "capsule"
        }
      ]
    }
  },
  "selection_icon": {
    "diameter": -20.0,
    "vertical_offset": -2.0
  },
  "system_velocity_multiplier": 15.0,
  "tools": [
    {
      "aim_bone": "recoil_right",
      "fire_event": "fired0",
      "muzzle_bone": "muzzle_right",
      "spec_id": "/pa/units/air/l_fighter_adv/l_fighter_adv_tool_weapon.json"
    },
    {
      "aim_bone": "recoil_left",
      "fire_event": "fired1",
      "muzzle_bone": "muzzle_left",
      "spec_id": "/pa/units/air/l_fighter_adv/l_fighter_adv_tool_weapon.json"
    },
    {
      "aim_bone": "bone_root",
      "fire_event": "fired2",
      "muzzle_bone": [
        "missile001",
        "missile002",
        "missile003",
        "missile004"
      ],
      "projectiles_per_fire": 4,
      "spec_id": "/pa/units/air/l_fighter_adv/l_fighter_adv_rocket_tool_weapon.json"
    }
  ],
  "unit_types": [
    "UNITTYPE_Fighter",
    "UNITTYPE_Air",
    "UNITTYPE_Mobile",
    "UNITTYPE_Offense",
    "UNITTYPE_Advanced",
    "UNITTYPE_FactoryBuild",
    "UNITTYPE_Custom1"
  ]
}
