{
  "ammo_id": "/pa/units/orbital/l_orbital_dropper/l_orbital_dropper_ammo.json",
  "ammo_source": "factory",
  "auto_attack": false,
  "auto_task_type": "none",
  "base_spec": "/pa/tools/base_missile_tactical_turret/base_missile_tactical_turret.json",
  "carpet_fire": true,
  "firing_arc_pitch": 1,
  "firing_arc_yaw": 1,
  "firing_standard_deviation": 23,
  "force_fire_from_muzzle": true,
  "idle_aim_delay": 5,
  "manual_fire": true,
  "max_range": 800,
  "pitch_range": 180,
  "pitch_rate": 360,
  "rate_of_fire": 3,
  "spread_fire": true,
  "target_layers": [
    "WL_LandHorizontal"
  ],
  "tool_type": "TOOL_Weapon",
  "yaw_range": 180,
  "yaw_rate": 360
}
