{
  "audio_loop": "/SE/Movement/missile/artillery_long_missile_fly_loop",
  "base_spec": "/pa/ammo/base_artillery/base_artillery.json",
  "damage": 600,
  "events": {
    "died": {
      "audio_cue": "/SE/Impacts/missile_artillery_short",
      "effect_spec": "/pa/units/sea/battleship/battleship_hit.pfx"
    }
  },
  "flight_type": "Seeking",
  "full_damage_splash_radius": 0,
  "fx_trail": {
    "filename": "/pa/units/land/l_titan_bot/left_trail.pfx",
    "offset": [
      0.0,
      1.0,
      0.0
    ]
  },
  "initial_velocity": 270.0,
  "lifetime": 4,
  "max_velocity": 270.0,
  "model": {
    "filename": "/pa/units/air/shell_large/shell_large.papa"
  },
  "physics": {
    "add_to_spatial_db": false,
    "allow_underground": true,
    "gravity_scalar": 1,
    "radius": 10
  },
  "spawn_layers": "WL_Air",
  "splash_damage": 600,
  "splash_damages_allies": false,
  "splash_radius": 15,
  "turn_rate": 90
}
