{
  "ammo_id": "/pa/units/land/l_titan_bot/l_titan_bot_rocket_ammo.json",
  "auto_attack": true,
  "base_spec": "/pa/tools/base_missile_tactical_turret/base_missile_tactical_turret.json",
  "firing_arc_pitch": 180,
  "firing_arc_yaw": 180,
  "firing_standard_deviation": 30,
  "max_range": 170,
  "pitch_range": 0,
  "pitch_rate": 180,
  "rate_of_fire": 0.09,
  "spread_fire": true,
  "target_layers": [
    "WL_LandHorizontal",
    "WL_WaterSurface"
  ],
  "target_priorities": [
    "Titan"
  ],
  "tool_type": "TOOL_Weapon",
  "yaw_range": 0,
  "yaw_rate": 180
}
