{
  "armor_damage_map": {
    "AT_Air": 0.0,
    "AT_Orbital": 0.0
  },
  "base_spec": "/pa/ammo/base_bomb/base_bomb.json",
  "damage": 500,
  "death": {
    "decals": [
      ""
    ]
  },
  "events": {
    "died": {
      "effect_spec": "/pa/units/land/titan_bot/titan_bot_footstep_01.pfx"
    }
  },
  "full_damage_splash_radius": 15,
  "fx_trail": {
    "filename": "/pa/effects/specs/none.pfx"
  },
  "initial_velocity": 80,
  "lifetime": 1,
  "max_velocity": 80,
  "min_velocity": 25,
  "model": {
    "filename": ""
  },
  "physics": {
    "add_to_spatial_db": false,
    "gravity_scalar": 80,
    "ignore_gravity": false
  },
  "splash_damage": 500,
  "splash_damages_allies": false,
  "splash_radius": 15
}
