{
  "display_name": "Spectre",
  "description": "Orbital Radar Probe - Fast. Small Vision Radius.",
  "TEMP_texelinfo": 17.7177,
  "attachable": {
    "offsets": {
      "root": [
        0,
        0,
        0
      ]
    }
  },
  "base_spec": "/pa/units/orbital/base_orbital/base_orbital.json",
  "build_metal_cost": 300,
  "command_caps": [
    "ORDER_Move",
    "ORDER_Patrol",
    "ORDER_Attack",
    "ORDER_Assist"
  ],
  "events": {
    "build_complete": {
      "audio_cue": "/SE/Build_Complete/orbital"
    },
    "fired0": {
      "audio_cue": "/SE/Weapons/orb/orb_fighter_fire",
      "effect_scale": 0.4,
      "effect_spec": "/pa/effects/specs/default_muzzle_flash.pfx bone_fire02 /pa/effects/specs/default_muzzle_flash.pfx bone_fire03"
    },
    "fired1": {
      "audio_cue": "/SE/Weapons/orb/orb_fighter_fire",
      "effect_scale": 0.4,
      "effect_spec": "/pa/units/land/l_bot_artillery_adv/muzzle_flash.pfx bone_muzzle01"
    }
  },
  "fx_offsets": [
    {
      "bone": "bone_body",
      "filename": "/pa/units/air/gunship/gunship_jets.pfx",
      "offset": [
        0,
        5.5,
        1
      ],
      "orientation": [
        0,
        0,
        0
      ],
      "type": "moving"
    },
    {
      "bone": "bone_body",
      "filename": "/pa/units/air/gunship/gunship_jets.pfx",
      "offset": [
        2.4,
        2.5,
        0.9
      ],
      "orientation": [
        0,
        0,
        0
      ],
      "type": "moving"
    },
    {
      "bone": "bone_body",
      "filename": "/pa/units/air/gunship/gunship_jets.pfx",
      "offset": [
        -2.4,
        2.5,
        0.9
      ],
      "orientation": [
        0,
        0,
        0
      ],
      "type": "moving"
    },
    {
      "bone": "bone_body",
      "filename": "/pa/units/orbital/l_orbital_probe/idle.pfx",
      "offset": [
        0,
        -2.0,
        7.8
      ],
      "orientation": [
        0,
        0,
        0
      ],
      "type": "idle"
    }
  ],
  "gravwell_velocity_multiplier": 50,
  "max_health": 50,
  "mesh_bounds": [
    9.4,
    21.4,
    16.6
  ],
  "model": {
    "animations": {
      "closed": "/pa/units/orbital/l_orbital_probe/l_orbital_probe_closed.papa",
      "deploy": "/pa/units/orbital/l_orbital_probe/l_orbital_probe_deploy.papa",
      "open": "/pa/units/orbital/l_orbital_probe/l_orbital_probe_open.papa"
    },
    "animtree": "/pa/anim/anim_trees/satellite_launched_anim_tree.json",
    "filename": "/pa/units/orbital/l_orbital_probe/l_orbital_probe.papa"
  },
  "navigation": {
    "acceleration": 75,
    "bank_factor": 2,
    "brake": 75,
    "move_speed": 75,
    "turn_speed": 75
  },
  "recon": {
    "observer": {
      "items": [
        {
          "channel": "sight",
          "layer": "surface_and_air",
          "radius": 200,
          "shape": "capsule",
          "uses_energy": true
        },
        {
          "channel": "sight",
          "layer": "orbital",
          "radius": 600,
          "shape": "capsule",
          "uses_energy": true
        },
        {
          "channel": "sight",
          "layer": "underwater",
          "radius": 200,
          "shape": "capsule",
          "uses_energy": true
        }
      ]
    }
  },
  "selection_icon": {
    "diameter": -28.0
  },
  "unit_types": [
    "UNITTYPE_Mobile",
    "UNITTYPE_Basic",
    "UNITTYPE_Orbital",
    "UNITTYPE_Scout",
    "UNITTYPE_FactoryBuild",
    "UNITTYPE_Custom1"
  ]
}
