{
  "ammo_capacity": 420,
  "ammo_demand": 35,
  "ammo_id": [
    {
      "id": "/pa/units/land/l_necromancer/l_necromancer_ammo.json",
      "layer": "WL_AnyLand"
    }
  ],
  "ammo_per_shot": 420,
  "ammo_source": "metal",
  "auto_attack": true,
  "base_spec": "/pa/tools/base_bomb_bay/base_bomb_bay.json",
  "events": {
    "died": {
      "audio_cue": "/SE/Impacts/shell_artillery",
      "effect_spec": "/pa/effects/specs/default_proj_area_explosion.pfx"
    }
  },
  "fire_arc_pitch": 15,
  "firing_standard_deviation": 360,
  "max_range": 180,
  "pitch_range": 180,
  "pitch_rate": 3600,
  "rate_of_fire": 1,
  "spread_fire": true,
  "start_fully_charged": true,
  "target_layers": [
    "WL_LandHorizontal"
  ],
  "yaw_range": 180,
  "yaw_rate": 3600
}
