{
  "blend_root": {
    "aim_bone_root": "bone_turret",
    "child": {
      "type": "bind_pose"
    },
    "node_aim_down": {
      "type": "bind_pose"
    },
    "node_aim_neutral": {
      "type": "bind_pose"
    },
    "node_aim_up": {
      "type": "bind_pose"
    },
    "type": "aim_blend"
  },
  "skeleton_controls": [
    {
      "child": {
        "rotation_axis": "z",
        "rotation_bone": "bone_turret",
        "type": "procedural_aim"
      },
      "lerp_func": "is_active",
      "type": "fader"
    },
    {
      "child": {
        "rotation_axis": "x",
        "rotation_bone": "bone_pitch",
        "type": "procedural_aim"
      },
      "lerp_func": "is_active",
      "type": "fader"
    },
    {
      "bone": "bone_recoil",
      "recoil_dist": 3.5,
      "restore_time": 2.5,
      "type": "recoil"
    }
  ]
}
