{
  "blend_root": {
    "nodes": {
      "being_built": {
        "type": "bind_pose"
      },
      "dead": {
        "type": "bind_pose"
      },
      "ghost": {
        "type": "bind_pose"
      },
      "living": {
        "aim_bone_root": "bone_turret",
        "child": {
          "node_idle": {
            "anim_name": "idle",
            "type": "playback"
          },
          "node_walk": {
            "anim_name": "walk",
            "type": "playback"
          },
          "type": "walk"
        },
        "node_aim_down": {
          "type": "bind_pose"
        },
        "node_aim_neutral": {
          "type": "bind_pose"
        },
        "node_aim_up": {
          "type": "bind_pose"
        },
        "type": "aim_blend"
      }
    },
    "type": "unit_state"
  },
  "skeleton_controls": [
    {
      "child": {
        "rotation_axis": "z",
        "rotation_bone": "bone_turret",
        "type": "procedural_aim"
      },
      "lerp_func": "not_being_built",
      "type": "fader"
    },
    {
      "child": {
        "rotation_axis": "x",
        "rotation_bone": "bone_pitch01",
        "type": "procedural_aim"
      },
      "lerp_func": "not_being_built",
      "type": "fader"
    },
    {
      "child": {
        "rotation_axis": "x",
        "rotation_bone": "bone_pitch02",
        "type": "procedural_aim"
      },
      "lerp_func": "not_being_built",
      "type": "fader"
    },
    {
      "child": {
        "rotation_axis": "x",
        "rotation_bone": "bone_pitch03",
        "type": "procedural_aim"
      },
      "lerp_func": "not_being_built",
      "type": "fader"
    },
    {
      "bone": "bone_recoil01",
      "recoil_dist": 1,
      "restore_time": 1.0,
      "type": "recoil"
    },
    {
      "bone": "bone_recoil02",
      "recoil_dist": 1,
      "restore_time": 1.0,
      "type": "recoil"
    },
    {
      "bone": "bone_recoil03",
      "recoil_dist": 1,
      "restore_time": 1.0,
      "type": "recoil"
    }
  ]
}
