{
  "blend_root": {
    "nodes": {
      "being_built": {
        "type": "bind_pose"
      },
      "dead": {
        "type": "bind_pose"
      },
      "ghost": {
        "type": "bind_pose"
      },
      "living": {
        "aim_bone_root": "bone_turret",
        "child": {
          "node_idle": {
            "anim_name": "idle",
            "type": "playback"
          },
          "node_walk": {
            "anim_name": "walk",
            "type": "playback"
          },
          "type": "walk"
        },
        "node_aim_down": {
          "type": "bind_pose"
        },
        "node_aim_neutral": {
          "type": "bind_pose"
        },
        "node_aim_up": {
          "type": "bind_pose"
        },
        "type": "aim_blend"
      }
    },
    "type": "unit_state"
  },
  "skeleton_controls": [
    {
      "child": {
        "rotation_axis": "z",
        "rotation_bone": "bone_turret",
        "type": "procedural_aim"
      },
      "lerp_func": "not_being_built",
      "type": "fader"
    },
    {
      "child": {
        "rotation_axis": "z",
        "rotation_bone": "bone_turretLeft",
        "type": "procedural_aim"
      },
      "lerp_func": "not_being_built",
      "type": "fader"
    },
    {
      "child": {
        "rotation_axis": "z",
        "rotation_bone": "bone_turretRight",
        "type": "procedural_aim"
      },
      "lerp_func": "not_being_built",
      "type": "fader"
    },
    {
      "bone": "bone_recoilRight01",
      "recoil_dist": 0.75,
      "restore_time": 0.25,
      "type": "recoil",
      "unit_event": "fired1",
      "weapon_index": 1
    },
    {
      "bone": "bone_recoilRight02",
      "recoil_dist": 0.75,
      "restore_time": 0.25,
      "type": "recoil",
      "unit_event": "fired1",
      "weapon_index": 1
    },
    {
      "bone": "bone_recoilLeft01",
      "recoil_dist": 0.75,
      "restore_time": 0.25,
      "type": "recoil",
      "unit_event": "fired2",
      "weapon_index": 2
    },
    {
      "bone": "bone_recoilLeft02",
      "recoil_dist": 0.75,
      "restore_time": 0.25,
      "type": "recoil",
      "unit_event": "fired2",
      "weapon_index": 2
    }
  ]
}
