{
  "blend_root": {
    "type": "bind_pose"
  },
  "skeleton_controls": [
    {
      "child": {
        "rotation_axis": "z",
        "rotation_bone": "bone_turret",
        "type": "procedural_aim"
      },
      "lerp_func": "is_active",
      "type": "fader"
    },
    {
      "child": {
        "rotation_axis": "x",
        "rotation_bone": "bone_pitch",
        "type": "procedural_aim"
      },
      "lerp_func": "is_active",
      "type": "fader"
    },
    {
      "bone": "bone_recoilLeft",
      "recoil_dist": 1.5,
      "restore_time": 0.5,
      "type": "recoil"
    },
    {
      "bone": "bone_recoilRight",
      "recoil_dist": 1.5,
      "restore_time": 0.5,
      "type": "recoil"
    }
  ]
}
