{
  "blend_root": {
    "nodes": {
      "being_built": {
        "type": "bind_pose"
      },
      "dead": {
        "type": "bind_pose"
      },
      "ghost": {
        "type": "bind_pose"
      },
      "living": {
        "node_idle": {
          "anim_name": "idle",
          "type": "playback"
        },
        "node_walk": {
          "anim_name": "walk",
          "type": "playback"
        },
        "type": "walk"
      }
    },
    "type": "unit_state"
  },
  "skeleton_controls": [
    {
      "child": {
        "rotation_axis": "z",
        "rotation_bone": "turret00",
        "type": "procedural_aim"
      },
      "lerp_func": "is_active",
      "type": "fader"
    },
    {
      "child": {
        "rotation_axis": "x",
        "rotation_bone": "pitch00",
        "type": "procedural_aim"
      },
      "lerp_func": "is_active",
      "type": "fader"
    }
  ]
}
