{
  "blend_root": {
    "nodes": {
      "being_built": {
        "type": "bind_pose"
      },
      "dead": {
        "type": "bind_pose"
      },
      "ghost": {
        "type": "bind_pose"
      },
      "living": {
        "aim_bone_root": "bone_turret",
        "type": "bind_pose"
      }
    },
    "type": "unit_state"
  },
  "skeleton_controls": [
    {
      "rotation_axis": "z",
      "rotation_bone": "bone_turret",
      "type": "procedural_aim"
    },
    {
      "rotation_axis": "x",
      "rotation_bone": "bone_pitch",
      "type": "procedural_aim"
    },
    {
      "bone": "bone_recoil001",
      "recoil_dist": 0.95,
      "restore_time": 0.9,
      "type": "recoil"
    },
    {
      "bone": "bone_recoil002",
      "recoil_dist": 0.95,
      "restore_time": 0.9,
      "type": "recoil"
    }
  ]
}
