{
  "blend_root": {
    "nodes": {
      "being_built": {
        "type": "bind_pose"
      },
      "dead": {
        "entries": [
          {
            "name": "death",
            "node": {
              "anim_name": "death",
              "events": [
                {
                  "parameters": {
                    "attached": true,
                    "bone": "bone_main_turret",
                    "bone_offset": [
                      0,
                      0,
                      0
                    ],
                    "death_effect": true,
                    "effect_scale": 1.0,
                    "spec": "/pa/units/land/titan_vehicle/titan_vehicle_death.pfx"
                  },
                  "time": 0,
                  "type": "effect"
                },
                {
                  "label": "death",
                  "parameters": {
                    "cue": "/SE/Death/Titan_Bot"
                  },
                  "time": 0.1,
                  "type": "audio"
                },
                {
                  "label": "death",
                  "parameters": {
                    "cue": "/SE/Death/Titan_2"
                  },
                  "time": 2.1,
                  "type": "audio"
                },
                {
                  "label": "death",
                  "parameters": {
                    "cue": "/SE/Death/Titan_3"
                  },
                  "time": 3.0,
                  "type": "audio"
                },
                {
                  "parameters": {
                    "attached": false,
                    "bone": "bone_root",
                    "bone_offset": [
                      0,
                      0,
                      20
                    ],
                    "death_effect": true,
                    "effect_scale": 1.0,
                    "spec": "/pa/units/land/titan_vehicle/titan_vehicle_death_world.pfx"
                  },
                  "time": 0,
                  "type": "effect"
                },
                {
                  "parameters": {
                    "attached": true,
                    "bone": "bone_left_turret",
                    "bone_offset": [
                      2,
                      -0.68,
                      0.88
                    ],
                    "death_effect": true,
                    "effect_scale": 1.2,
                    "spec": "/pa/effects/specs/titan_smoke_01.pfx"
                  },
                  "time": 2,
                  "type": "effect"
                },
                {
                  "parameters": {
                    "attached": true,
                    "bone": "bone_main_turret",
                    "bone_offset": [
                      2.63,
                      0.96,
                      4.33
                    ],
                    "death_effect": true,
                    "effect_scale": 1.4,
                    "spec": "/pa/effects/specs/titan_smoke_01.pfx"
                  },
                  "time": 2.6,
                  "type": "effect"
                },
                {
                  "parameters": {
                    "attached": true,
                    "bone": "bone_root",
                    "bone_offset": [
                      -7.4,
                      12.8,
                      10.15
                    ],
                    "death_effect": true,
                    "effect_scale": 1.0,
                    "spec": "/pa/effects/specs/titan_smoke_01.pfx"
                  },
                  "time": 2.2,
                  "type": "effect"
                },
                {
                  "parameters": {
                    "attached": true,
                    "bone": "bone_root",
                    "bone_offset": [
                      -13.3,
                      -17.6,
                      5.98
                    ],
                    "death_effect": true,
                    "effect_scale": 1.0,
                    "spec": "/pa/effects/specs/titan_smoke_01.pfx"
                  },
                  "time": 2.4,
                  "type": "effect"
                },
                {
                  "parameters": {
                    "attached": false,
                    "bone": "bone_main_turret",
                    "bone_offset": [
                      0,
                      0,
                      0
                    ],
                    "effect_scale": 1.0,
                    "spec": "/pa/units/land/titan_vehicle/titan_vehicle_death_fall.pfx"
                  },
                  "time": 3.5,
                  "type": "effect"
                }
              ],
              "looping": false,
              "type": "playback"
            },
            "reset": "playback_reset",
            "transitions": [
              {
                "transition_forward": {
                  "func": "anim_complete",
                  "target": "dead"
                },
                "transition_reverse": {
                  "func": "anim_complete",
                  "target": "dead"
                }
              }
            ],
            "type": "item"
          },
          {
            "name": "dead",
            "node": {
              "anim_name": "dead",
              "looping": false,
              "type": "playback"
            },
            "reset": "playback_reset",
            "transitions": [
              {
                "transition_forward": {
                  "func": "false_func",
                  "target": "death"
                },
                "transition_reverse": {
                  "func": "anim_complete",
                  "target": "death"
                }
              }
            ],
            "type": "item"
          }
        ],
        "type": "sequence"
      },
      "ghost": {
        "type": "bind_pose"
      },
      "living": {
        "anim_name": "hover",
        "type": "playback"
      }
    },
    "type": "unit_state"
  },
  "skeleton_controls": [
    {
      "child": {
        "rotation_axis": "z",
        "rotation_bone": "bone_turret",
        "type": "procedural_aim",
        "weapon_index": 0
      },
      "lerp_func": "is_active",
      "type": "fader"
    },
    {
      "child": {
        "rotation_axis": "x",
        "rotation_bone": "bone_pitch",
        "type": "procedural_aim",
        "weapon_index": 0
      },
      "lerp_func": "is_active",
      "type": "fader"
    },
    {
      "bone": "bone_recoil",
      "recoil_dist": 4.0,
      "restore_time": 10,
      "type": "recoil",
      "unit_event": "fired0"
    },
    {
      "child": {
        "rotation_axis": "z",
        "rotation_bone": "bone_turretLeft",
        "type": "procedural_aim",
        "weapon_index": 1
      },
      "lerp_func": "is_active",
      "type": "fader"
    },
    {
      "child": {
        "rotation_axis": "x",
        "rotation_bone": "bone_turretLeft",
        "type": "procedural_aim",
        "weapon_index": 1
      },
      "lerp_func": "is_active",
      "type": "fader"
    },
    {
      "child": {
        "rotation_axis": "z",
        "rotation_bone": "bone_turretRight",
        "type": "procedural_aim",
        "weapon_index": 2
      },
      "lerp_func": "is_active",
      "type": "fader"
    },
    {
      "child": {
        "rotation_axis": "x",
        "rotation_bone": "bone_turretRight",
        "type": "procedural_aim",
        "weapon_index": 2
      },
      "lerp_func": "is_active",
      "type": "fader"
    },
    {
      "bone": "bone_recoilLeft",
      "recoil_dist": 1.0,
      "restore_time": 0.5,
      "type": "recoil",
      "unit_event": "fired1"
    },
    {
      "bone": "bone_recoilRight",
      "recoil_dist": 1,
      "restore_time": 0.5,
      "type": "recoil",
      "unit_event": "fired2"
    }
  ]
}
