{
  "ammo_capacity": 1000,
  "ammo_demand": 200,
  "ammo_id": "/pa/units/land/l_artillery_short/l_artillery_short_ammo.json",
  "ammo_per_shot": 1000,
  "ammo_source": "energy",
  "auto_attack": true,
  "base_spec": "/pa/tools/base_artillery_turret/base_artillery_turret.json",
  "firing_arc_pitch": 5,
  "firing_arc_yaw": 0,
  "firing_standard_deviation": 0.25,
  "max_firing_velocity": 150,
  "max_range": 260,
  "min_firing_velocity": 100,
  "physics": {
    "add_to_spatial_db": true,
    "gravity_scalar": 1,
    "radius": 1
  },
  "pitch_range": 89.9,
  "pitch_rate": 15,
  "rate_of_fire": 0.2,
  "target_layers": [
    "WL_LandHorizontal",
    "WL_Seafloor",
    "WL_WaterSurface",
    "WL_Underwater"
  ],
  "yaw_range": 180,
  "yaw_rate": 15
}
