{
  "audio_loop": "/SE/Movement/missile/artillery_short_missile_fly_loop",
  "base_spec": "/pa/ammo/base_artillery/base_artillery.json",
  "damage": 200,
  "events": {
    "died": {
      "audio_cue": "/SE/Impacts/missile_artillery_short",
      "effect_scale": 0.65,
      "effect_spec": "/pa/units/land/l_artillery_short/proj_exp.pfx"
    }
  },
  "full_damage_splash_radius": 5,
  "fx_trail": {
    "filename": "/pa/units/land/l_artillery_short/trail.pfx",
    "offset": [
      0,
      0,
      0
    ]
  },
  "influence_radius": 400,
  "initial_velocity": 150,
  "physics": {
    "add_to_spatial_db": true
  },
  "splash_damage": 200,
  "splash_damages_allies": false,
  "splash_radius": 18
}
