{
  "ammo_id": "/pa/units/land/l_titan_vehicle/l_titan_vehicle_ammo_main.json",
  "auto_attack": true,
  "base_spec": "/pa/tools/base_shell_turret/base_shell_turret.json",
  "firing_standard_deviation": 0.15,
  "idle_aim_delay": 3,
  "max_range": 400,
  "min_firing_velocity": 300,
  "pitch_range": 30,
  "pitch_rate": 90,
  "rate_of_fire": 0.2,
  "spread_fire": true,
  "target_layers": [
    "WL_LandHorizontal",
    "WL_WaterSurface"
  ],
  "target_priorities": [
    "Titan"
  ],
  "yaw_range": 180,
  "yaw_rate": 20
}
