{
  "base_spec": "/pa/ammo/base_shell/base_shell.json",
  "damage": 1650,
  "events": {
    "died": {
      "audio_cue": "/SE/Impacts/shell_bullet",
      "effect_scale": 1.0,
      "effect_spec": "/pa/units/land/l_bot_artillery_adv/main_gun_exp.pfx"
    }
  },
  "full_damage_splash_radius": 0,
  "fx_trail": {
    "filename": "/pa/units/land/l_bot_artillery_adv/main_gun_trail.pfx",
    "offset": [
      0.0,
      0.0,
      0.0
    ]
  },
  "initial_velocity": 600.0,
  "lifetime": 0.75,
  "max_velocity": 600.0,
  "model": {
    "filename": ""
  },
  "physics": {
    "add_to_spatial_db": true,
    "gravity_scalar": 120
  },
  "splash_damage": 1500,
  "splash_radius": 5
}
