{
  "display_name": "Scout Bot Radar mode collision check",
  "description": "Radar vision but immobile",
  "TEMP_texelinfo": 4.07719,
  "audio": {
    "loops": {
      "move": {
        "cue": "/SE/Movement/bot/assault_loop",
        "flag": "vel_changed",
        "should_start_func": "is_moving",
        "should_stop_func": "is_not_moving"
      }
    },
    "selection_response": {
      "cue": "/SE/Selection/structure/radar"
    }
  },
  "base_spec": "/pa/units/land/base_bot/base_bot.json",
  "build_metal_cost": 150,
  "consumption": {
    "energy": 100
  },
  "death": {
    "decals": []
  },
  "events": {
    "died": null,
    "fired": null
  },
  "fx_offsets": [
    {
      "bone": "bone_radar",
      "filename": "/pa/units/land/l_scout_bot/l_scout_bot_radar_on.pfx",
      "offset": [
        0,
        0,
        0
      ],
      "orientation": [
        0,
        0,
        0
      ],
      "type": "energy"
    }
  ],
  "guard_layer": "WL_AnySurface",
  "lamps": [
    {
      "color": [
        1,
        1,
        1
      ],
      "intensity": 2,
      "offset": [
        0,
        3.68,
        5.53
      ],
      "radius": 3
    }
  ],
  "max_health": 60,
  "mesh_bounds": [
    2,
    2,
    4
  ],
  "model": {
    "animations": {
      "idle": "/pa/units/land/l_scout_bot/l_scout_bot_idle.papa",
      "walk": "/pa/units/land/l_scout_bot/l_scout_bot_walk.papa"
    },
    "animtree": "/pa/anim/anim_trees/l_scout_bot_anim_tree.json",
    "filename": "/pa/units/land/l_scout_bot/radar_mode/l_scout_bot_radar_mode.papa",
    "walk_speed": 2.75
  },
  "navigation": {
    "acceleration": 0,
    "brake": 0,
    "move_speed": 0,
    "turn_speed": 0,
    "type": "amphibious"
  },
  "physics": {
    "radius": 2
  },
  "recon": {
    "observable": {
      "ignore_sight": true,
      "layer": "surface_and_air"
    },
    "observer": {
      "items": [
        {
          "channel": "sight",
          "layer": "surface_and_air",
          "radius": 0,
          "shape": "capsule",
          "uses_energy": true
        },
        {
          "channel": "radar",
          "layer": "surface_and_air",
          "radius": 350,
          "shape": "capsule",
          "uses_energy": true
        },
        {
          "channel": "sight",
          "layer": "underwater",
          "radius": 0,
          "shape": "capsule",
          "uses_energy": true
        },
        {
          "channel": "radar",
          "layer": "underwater",
          "radius": 350,
          "shape": "capsule",
          "uses_energy": true
        }
      ]
    }
  },
  "selection_icon": {
    "diameter": -8
  },
  "spawn_layers": "WL_AnyHorizontalGroundOrWaterSurface",
  "spawn_unit_on_death": "/pa/units/land/l_scout_bot/l_scout_bot_radar_mode.json",
  "spawn_unit_on_death_with_velocity": false,
  "tools": [
    {
      "aim_bone": "bone_root",
      "spec_id": "/pa/units/land/l_scout_bot/l_scout_bot_radar_mode_collision_check_tool_weapon.json"
    }
  ],
  "unit_types": [
    "UNITTYPE_Bot",
    "UNITTYPE_Scout",
    "UNITTYPE_Mobile",
    "UNITTYPE_NoBuild",
    "UNITTYPE_Land",
    "UNITTYPE_Basic",
    "UNITTYPE_Custom1"
  ],
  "wreckage_health_frac": 0.0
}
