{
  "ammo_capacity": 0.3,
  "ammo_demand": 1,
  "ammo_id": [
    {
      "id": "/pa/units/land/l_scout_bot/l_scout_bot_radar_mode_collision_check_land_ammo.json",
      "layer": "WL_LandHorizontal"
    },
    {
      "id": "/pa/units/land/l_scout_bot/l_scout_bot_radar_mode_collision_check_water_ammo.json",
      "layer": "WL_Seafloor"
    }
  ],
  "ammo_per_shot": 0.3,
  "ammo_source": "time",
  "auto_attack": true,
  "auto_fire_when_charged": true,
  "base_spec": "/pa/tools/base_artillery_turret/base_artillery_turret.json",
  "firing_arc_pitch": 360,
  "firing_arc_yaw": 360,
  "max_range": 0,
  "only_fire_once": true,
  "pitch_range": 0,
  "pitch_rate": 0,
  "rate_of_fire": 1,
  "self_destruct": true,
  "start_fully_charged": false,
  "yaw_range": 0,
  "yaw_rate": 0
}
