{
  "ammo_id": "/pa/units/sea/l_torpedo_launcher_adv/l_torpedo_launcher_adv_wave_ammo.json",
  "auto_attack": true,
  "base_spec": "/pa/tools/base_torpedo_turret/base_torpedo_turret.json",
  "exclude_unit_types": "Hover",
  "fire_arc_pitch": 60,
  "idle_aim_delay": 1,
  "max_range": 210,
  "pitch_range": 90,
  "pitch_rate": 60,
  "rate_of_fire": 2,
  "spread_fire": true,
  "target_layers": [
    "WL_WaterSurface",
    "WL_Underwater",
    "WL_Seafloor"
  ],
  "yaw_range": 180,
  "yaw_rate": 180
}
