{
  "ammo_id": "/pa/units/land/l_air_defense/l_air_defense_ammo.json",
  "auto_attack": true,
  "base_spec": "/pa/tools/base_missile_turret/base_missile_turret.json",
  "firing_arc_pitch": 5,
  "firing_arc_yaw": 2,
  "firing_standard_deviation": 5,
  "max_range": 150,
  "pitch_range": 90,
  "pitch_rate": 720,
  "rate_of_fire": 10,
  "spread_fire": true,
  "target_layers": [
    "WL_Air"
  ],
  "target_priorities": [
    "Air & Bomber",
    "Air & Gunship",
    "Air & Mobile"
  ],
  "tool_type": "TOOL_Weapon",
  "yaw_range": 180,
  "yaw_rate": 720
}
