{
  "ammo_capacity": 3600,
  "ammo_demand": 600,
  "ammo_id": "/pa/units/land/l_tank_swarm/l_tank_swarm_ammo.json",
  "ammo_per_shot": 3600,
  "ammo_source": "energy",
  "auto_attack": true,
  "base_spec": "/pa/tools/base_shell_turret/base_shell_turret.json",
  "firing_arc_pitch": 180,
  "firing_arc_yaw": 180,
  "firing_standard_deviation": 7,
  "max_firing_velocity": 400,
  "max_range": 100,
  "min_firing_velocity": 100,
  "pitch_range": 90,
  "pitch_rate": 180,
  "rate_of_fire": 2,
  "spread_fire": true,
  "target_layers": [
    "WL_LandHorizontal",
    "WL_WaterSurface"
  ],
  "yaw_range": 180,
  "yaw_rate": 360
}
