{
  "ammo_type": "AMMO_Projectile",
  "base_spec": "/pa/ammo/base_ammo/base_ammo.json",
  "damage": 0,
  "events": {
    "died": {
      "audio_cue": "",
      "effect_spec": "/pa/effects/specs/none.pfx"
    }
  },
  "flight_type": "Staged",
  "full_damage_splash_radius": 0,
  "fx_trail": {
    "filename": "/pa/units/air/l_air_bomb/teleport.pfx"
  },
  "influence_radius": 400,
  "initial_velocity": 10.0,
  "lifetime": 1,
  "max_velocity": 10.0,
  "model": {
    "filename": "/pa/units/air/l_air_bomb/l_air_bomb.papa"
  },
  "physics": {
    "add_to_spatial_db": false,
    "allow_underground": true,
    "gravity_scalar": 1,
    "ignore_gravity": true,
    "radius": 1
  },
  "recon": {
    "observable": {
      "ignore_radar": true
    }
  },
  "show_strategic_icon": false,
  "spawn_layers": "Air",
  "splash_damage": 0,
  "splash_radius": 0,
  "stages": [
    {
      "ignores_LOS": true,
      "ignores_gravity": true,
      "rotates_to_velocity": true,
      "stage_duration": 100,
      "stage_turn_rate": 0
    },
    {
      "die_here": true
    }
  ],
  "turn_rate": 30.0
}
