{
  "display_name": "Advanced Ship Foundry",
  "description": "Advanced Manufacturing - Builds Advanced Naval Ships.",
  "TEMP_texelinfo": 67.307,
  "area_build_separation": 5,
  "atrophy_cool_down": 15,
  "atrophy_rate": 80,
  "audio": {
    "loops": {
      "build": {
        "cue": "/SE/Construction/Factory_contruction_loop_naval",
        "flag": "build_target_changed",
        "should_start_func": "has_build_target",
        "should_stop_func": "no_build_target"
      }
    },
    "selection_response": {
      "cue": "/SE/Selection/sea/factory"
    }
  },
  "base_spec": "/pa/units/land/base_structure/base_structure.json",
  "build_metal_cost": 3600,
  "buildable_types": "Custom1 & ( Naval & Mobile & FactoryBuild )",
  "command_caps": [
    "ORDER_Move",
    "ORDER_Patrol",
    "ORDER_FactoryBuild",
    "ORDER_Reclaim",
    "ORDER_Repair",
    "ORDER_Attack",
    "ORDER_Assist"
  ],
  "events": {
    "build_complete": {
      "audio_cue": "/SE/Build_Complete/sea"
    },
    "died": {
      "audio_cue": "/SE/Death/Sea_large",
      "effect_scale": 2.5
    }
  },
  "factory_cooldown_time": 6,
  "fx_offsets": [
    {
      "bone": "socket_lathe001",
      "filename": "/pa/effects/specs/legion_factory_spray.pfx",
      "type": "build"
    },
    {
      "bone": "socket_lathe002",
      "filename": "/pa/effects/specs/legion_factory_spray.pfx",
      "type": "build"
    },
    {
      "bone": "socket_lathe003",
      "filename": "/pa/effects/specs/legion_factory_spray.pfx",
      "type": "build"
    },
    {
      "bone": "socket_lathe004",
      "filename": "/pa/effects/specs/legion_factory_spray.pfx",
      "type": "build"
    },
    {
      "bone": "smoke001",
      "filename": "/pa/effects/specs/factory_smoke.pfx",
      "type": "build"
    },
    {
      "bone": "smoke002",
      "filename": "/pa/effects/specs/factory_smoke.pfx",
      "type": "enabled"
    },
    {
      "bone": "smoke003",
      "filename": "/pa/effects/specs/factory_smoke.pfx",
      "type": "enabled"
    },
    {
      "bone": "smoke004",
      "filename": "/pa/effects/specs/factory_smoke.pfx",
      "type": "enabled"
    }
  ],
  "max_health": 30000,
  "mesh_bounds": [
    70,
    48,
    21
  ],
  "model": {
    "animations": {
      "build_end": "/pa/units/sea/l_naval_factory_adv/l_naval_factory_adv_end.papa",
      "build_loop": "/pa/units/sea/l_naval_factory_adv/l_naval_factory_adv_build.papa",
      "build_start": "/pa/units/sea/l_naval_factory_adv/l_naval_factory_adv_start.papa"
    },
    "animtree": "/pa/anim/anim_trees/factory_anim_tree.json",
    "filename": "/pa/units/sea/l_naval_factory_adv/l_naval_factory_adv.papa"
  },
  "placement_size": [
    75,
    65
  ],
  "recon": {
    "observer": {
      "items": [
        {
          "channel": "sight",
          "layer": "surface_and_air",
          "radius": 100,
          "shape": "capsule"
        }
      ]
    }
  },
  "rolloff_dirs": [
    [
      0,
      1,
      0
    ],
    [
      0,
      -1,
      0
    ]
  ],
  "selection_icon": {
    "diameter": -75
  },
  "spawn_layers": "WL_DeepWater",
  "tools": [
    {
      "aim_bone": "bone_root",
      "spec_id": "/pa/units/sea/l_naval_factory_adv/l_naval_factory_adv_build_arm.json"
    }
  ],
  "unit_types": [
    "UNITTYPE_Factory",
    "UNITTYPE_Construction",
    "UNITTYPE_Naval",
    "UNITTYPE_Structure",
    "UNITTYPE_Advanced",
    "UNITTYPE_Important",
    "UNITTYPE_Custom1"
  ],
  "wait_to_rolloff_time": 0
}
