{
  "display_name": "Tyr",
  "description": "Orbital Mega-Laser - Purifies The Surface Below with its Laser.",
  "TEMP_texelinfo": 33.0,
  "atrophy_cool_down": 15.0,
  "atrophy_rate": 266.666,
  "attachable": {
    "offsets": {
      "root": [
        0,
        0,
        0
      ]
    }
  },
  "audio": {
    "loops": {
      "enabled": {
        "cue": "/SE/Buildings/helios_teleporter_loop",
        "flag": "enable_changed",
        "should_start_func": "is_enabled",
        "should_stop_func": "is_disabled"
      }
    }
  },
  "base_spec": "/pa/units/orbital/base_orbital/base_orbital.json",
  "build_metal_cost": 40000,
  "command_caps": [
    "ORDER_Move",
    "ORDER_Patrol",
    "ORDER_Attack"
  ],
  "energy_efficiency_requirement": 1.0,
  "events": {
    "build_complete": {
      "audio_cue": "/SE/Build_Complete/orbital"
    },
    "died": {
      "effect_spec": "/pa/units/orbital/titan_orbital/titan_orbital_death.pfx"
    },
    "fired0": {
      "effect_spec": "/pa/units/orbital/l_titan_orbital/beam.pfx bone_megaLaser"
    },
    "fired1": {
      "effect_spec": "/pa/effects/specs/none.pfx"
    }
  },
  "fx_offsets": [
    {
      "bone": "bone_minorArm001",
      "filename": "/pa/units/orbital/l_titan_orbital/electricity.pfx",
      "type": "idle"
    },
    {
      "bone": "bone_minorArm002",
      "filename": "/pa/units/orbital/l_titan_orbital/electricity.pfx",
      "type": "idle"
    },
    {
      "bone": "bone_minorArm003",
      "filename": "/pa/units/orbital/l_titan_orbital/electricity.pfx",
      "type": "idle"
    },
    {
      "bone": "bone_minorArm004",
      "filename": "/pa/units/orbital/l_titan_orbital/electricity.pfx",
      "type": "idle"
    },
    {
      "bone": "bone_minorArm005",
      "filename": "/pa/units/orbital/l_titan_orbital/electricity.pfx",
      "type": "idle"
    },
    {
      "bone": "bone_minorArm006",
      "filename": "/pa/units/orbital/l_titan_orbital/electricity.pfx",
      "type": "idle"
    },
    {
      "bone": "bone_majorArm001",
      "filename": "/pa/units/orbital/l_titan_orbital/major-top-lights.pfx",
      "type": "idle"
    },
    {
      "bone": "bone_majorArm002",
      "filename": "/pa/units/orbital/l_titan_orbital/major-top-lights.pfx",
      "type": "idle"
    },
    {
      "bone": "bone_majorArm003",
      "filename": "/pa/units/orbital/l_titan_orbital/major-top-lights.pfx",
      "type": "idle"
    },
    {
      "bone": "bone_majorArm004",
      "filename": "/pa/units/orbital/l_titan_orbital/major-top-lights.pfx",
      "type": "idle"
    },
    {
      "bone": "bone_majorArm005",
      "filename": "/pa/units/orbital/l_titan_orbital/major-top-lights.pfx",
      "type": "idle"
    },
    {
      "bone": "bone_majorArm006",
      "filename": "/pa/units/orbital/l_titan_orbital/major-top-lights.pfx",
      "type": "idle"
    },
    {
      "bone": "bone_majorRotate",
      "filename": "/pa/units/orbital/l_titan_orbital/major-main-top-lights.pfx",
      "type": "idle"
    }
  ],
  "gravwell_velocity_multiplier": 6.0,
  "guard_layer": "WL_AnySurface",
  "lamps": [
    {
      "bone": "bone_rotatorTop",
      "color": [
        1.0,
        1.0,
        1.0
      ],
      "intensity": 3.0,
      "offset": [
        17.0,
        17.0,
        6.0
      ],
      "radius": 3.0
    },
    {
      "bone": "bone_rotatorTop",
      "color": [
        1.0,
        1.0,
        1.0
      ],
      "intensity": 3.0,
      "offset": [
        -17.0,
        17.0,
        6.0
      ],
      "radius": 3.0
    },
    {
      "bone": "bone_rotatorTop",
      "color": [
        1.0,
        1.0,
        1.0
      ],
      "intensity": 3.0,
      "offset": [
        17.0,
        -17.0,
        6.0
      ],
      "radius": 3.0
    },
    {
      "bone": "bone_rotatorTop",
      "color": [
        1.0,
        1.0,
        1.0
      ],
      "intensity": 3.0,
      "offset": [
        -17.0,
        -17.0,
        6.0
      ],
      "radius": 3.0
    }
  ],
  "max_health": 21000,
  "mesh_bounds": [
    116.1,
    133.2,
    144.328
  ],
  "model": {
    "animations": {
      "idle": "/pa/units/orbital/l_titan_orbital/l_titan_orbital_idle.papa"
    },
    "animtree": "/pa/anim/anim_trees/constant_idle_anim_tree.json",
    "filename": "/pa/units/orbital/l_titan_orbital/l_titan_orbital.papa"
  },
  "navigation": {
    "acceleration": 7.5,
    "brake": 7.5,
    "move_speed": 15,
    "turn_accel": 5,
    "turn_in_place": true,
    "turn_speed": 25
  },
  "physics": {
    "radius": 15
  },
  "recon": {
    "observable": {
      "always_visible": true
    },
    "observer": {
      "items": [
        {
          "channel": "sight",
          "layer": "surface_and_air",
          "radius": 200,
          "shape": "capsule"
        },
        {
          "channel": "sight",
          "layer": "orbital",
          "radius": 600,
          "shape": "sphere"
        },
        {
          "channel": "sight",
          "layer": "underwater",
          "radius": 200,
          "shape": "capsule"
        }
      ]
    }
  },
  "selection_icon": {
    "diameter": -133.0,
    "vertical_offset": -10
  },
  "spawn_layers": "WL_Orbital",
  "tools": [
    {
      "aim_bone": "bone_megaLaser",
      "fire_event": "fired0",
      "muzzle_bone": "bone_megaLaser",
      "show_range": true,
      "spec_id": "/pa/units/orbital/l_titan_orbital/l_titan_orbital_tool_weapon.json"
    },
    {
      "aim_bone": "bone_megaLaser",
      "fire_event": "fired1",
      "muzzle_bone": "bone_megaLaser",
      "show_range": false,
      "spec_id": "/pa/units/orbital/l_titan_orbital/l_titan_orbital_effect_tool_weapon.json"
    }
  ],
  "unit_types": [
    "UNITTYPE_Mobile",
    "UNITTYPE_Offense",
    "UNITTYPE_Orbital",
    "UNITTYPE_LaserPlatform",
    "UNITTYPE_Advanced",
    "UNITTYPE_Titan",
    "UNITTYPE_FabOrbBuild",
    "UNITTYPE_Important",
    "UNITTYPE_Custom1"
  ],
  "wreckage_health_frac": 0.5
}
