{
  "ammo_type": "AMMO_Projectile",
  "base_spec": "/pa/ammo/base_ammo/base_ammo.json",
  "burn_damage": 200,
  "burn_radius": 137,
  "damage": 300,
  "damage_volume": {
    "burnable_remove_radius": 100,
    "delay": 0,
    "initial_radius": 20,
    "radius_accel": -30,
    "radius_velocity": 150
  },
  "events": {
    "died": {
      "audio_cue": "",
      "effect_spec": "/pa/effects/specs/none.pfx"
    }
  },
  "flight_type": "Staged",
  "full_damage_splash_radius": 20,
  "fx_trail": {
    "filename": "/pa/effects/specs/none.pfx"
  },
  "influence_radius": 400,
  "initial_velocity": 0,
  "lifetime": 10,
  "max_velocity": 65,
  "model": {
    "filename": ""
  },
  "physics": {
    "add_to_spatial_db": false,
    "allow_underground": true,
    "gravity_scalar": 3,
    "ignore_gravity": false,
    "layer": "orbital",
    "radius": 10
  },
  "recon": {
    "observable": {
      "ignore_radar": true,
      "ignore_sight": true
    }
  },
  "show_in_orbital_layer": false,
  "show_strategic_icon": false,
  "sim_impact_effect": "/pa/units/orbital/l_titan_orbital/l_titan_orbital_shake.json",
  "spawn_layers": "orbital",
  "splash_damage": 300,
  "splash_damage_orbital": false,
  "splash_damages_allies": true,
  "splash_radius": 160,
  "stages": [
    {
      "ignores_LOS": true,
      "ignores_gravity": false,
      "rotates_to_velocity": true,
      "stage_duration": 10000,
      "stage_turn_rate": 0
    }
  ],
  "turn_rate": 30
}
