{
  "ammo_id": "/pa/units/air/l_titan_air/l_titan_air_main_ammo.json",
  "auto_attack": true,
  "base_spec": "/pa/tools/base_shell_turret/base_shell_turret.json",
  "firing_arc_pitch": 30,
  "firing_arc_yaw": 30,
  "force_fire_from_muzzle": true,
  "idle_aim_delay": 2,
  "max_range": 150,
  "pitch_range": 60,
  "pitch_rate": 20,
  "rate_of_fire": 0.5,
  "spread_fire": false,
  "target_layers": [
    "WL_LandHorizontal",
    "WL_WaterSurface",
    "WL_Air",
    "WL_SeaFloor",
    "WL_Underwater"
  ],
  "yaw_range": 180,
  "yaw_rate": 40
}
