{
  "armor_damage_map": {
    "AT_Air": 0.5
  },
  "audio_loop": "/SE/Weapons/commander/Commander_uber_cannon_fire",
  "base_spec": "/pa/ammo/missile_seeking/missile_seeking.json",
  "damage": 800,
  "events": {
    "died": {
      "audio_cue": "/SE/Impacts/cannon_uber",
      "effect_spec": "/pa/units/air/l_titan_air/main_hit.pfx"
    }
  },
  "flight_type": "Seeking",
  "full_damage_splash_radius": 5,
  "fx_trail": {
    "filename": "/pa/units/air/l_titan_air/main_trail.pfx",
    "offset": [
      0.0,
      0.0,
      0.0
    ]
  },
  "initial_velocity": 250,
  "lifetime": 1,
  "max_velocity": 250,
  "model": null,
  "physics": {
    "add_to_spatial_db": false,
    "gravity_scalar": 10,
    "ignore_gravity": true,
    "radius": 10,
    "type": "projectile"
  },
  "splash_damage": 300,
  "splash_damages_allies": false,
  "splash_radius": 40,
  "turn_rate": 160
}
