{
  "display_name": "Centurion",
  "description": "Orbital Defense - Heavy Defensive Satellite. Attacks Anything.",
  "TEMP_texelinfo": 26.4194,
  "area_build_separation": 75,
  "area_build_type": "Sphere",
  "atrophy_cool_down": 15.0,
  "atrophy_rate": 60,
  "attachable": {
    "offsets": {
      "root": [
        0,
        0,
        0
      ]
    }
  },
  "base_spec": "/pa/units/orbital/base_orbital_structure/base_orbital_structure.json",
  "build_metal_cost": 1500,
  "command_caps": [
    "ORDER_Attack",
    "ORDER_Assist"
  ],
  "events": {
    "build_complete": {
      "audio_cue": "/SE/Build_Complete/orbital"
    },
    "died": {
      "audio_cue": "/SE/Death/orbital"
    },
    "fired1": {
      "audio_cue": "/SE/Weapons/orb/defense_satellite_fire"
    },
    "fired2": {
      "audio_cue": "/SE/Weapons/orb/defense_satellite_fire"
    }
  },
  "gravwell_velocity_multiplier": 6.0,
  "guard_layer": "WL_Orbital",
  "max_health": 2000,
  "mesh_bounds": [
    28.44,
    26.384,
    41.841
  ],
  "model": {
    "animations": {
      "idle": "/pa/units/orbital/l_defense_satellite/l_defense_satellite_idle.papa"
    },
    "animtree": "/pa/anim/anim_trees/l_defense_satellite_anim_tree.json",
    "filename": "/pa/units/orbital/l_defense_satellite/l_defense_satellite.papa"
  },
  "physics": {
    "gravity_scalar": 0.001,
    "radius": 15
  },
  "placement_size": [
    50,
    50
  ],
  "recon": {
    "observer": {
      "items": [
        {
          "channel": "sight",
          "layer": "orbital",
          "radius": 600,
          "shape": "sphere"
        },
        {
          "channel": "sight",
          "layer": "surface_and_air",
          "radius": 120,
          "shape": "capsule"
        }
      ]
    }
  },
  "selection_icon": {
    "diameter": -43
  },
  "tools": [
    {
      "aim_bone": "bone_turret",
      "fire_event": "fired1",
      "muzzle_bone": [
        "socket_muzzle001",
        "socket_muzzle002"
      ],
      "projectiles_per_fire": 2,
      "record_index": 1,
      "spec_id": "/pa/units/orbital/l_defense_satellite/l_defense_satellite_tool_weapon.json"
    },
    {
      "aim_bone": "laser",
      "fire_event": "fired2",
      "muzzle_bone": "laser",
      "record_index": 2,
      "spec_id": "/pa/units/orbital/l_defense_satellite/l_defense_satellite_ground_tool_weapon.json"
    }
  ],
  "unit_types": [
    "UNITTYPE_Structure",
    "UNITTYPE_Orbital",
    "UNITTYPE_Defense",
    "UNITTYPE_OrbitalDefense",
    "UNITTYPE_Advanced",
    "UNITTYPE_FabOrbBuild",
    "UNITTYPE_Custom1"
  ],
  "wreckage_health_frac": 0.0
}
