{
  "ammo_capacity": 425,
  "ammo_demand": 100,
  "ammo_id": "/pa/units/air/l_bomber/l_bomber_ammo.json",
  "ammo_per_shot": 212,
  "ammo_source": "energy",
  "auto_attack": true,
  "base_spec": "/pa/tools/base_bomb_bay/base_bomb_bay.json",
  "carpet_fire": false,
  "events": {
    "died": {
      "audio_cue": "/SE/Impacts/shell_artillery",
      "effect_spec": "/pa/effects/specs/default_proj_area_explosion.pfx"
    }
  },
  "firing_standard_deviation": 1,
  "max_range": 10,
  "pitch_range": 180,
  "pitch_rate": 3600,
  "rate_of_fire": 2.2,
  "spread_fire": true,
  "target_layers": [
    "WL_LandHorizontal",
    "WL_WaterSurface",
    "WL_Seafloor",
    "WL_Underwater"
  ],
  "yaw_range": 180,
  "yaw_rate": 3600
}
