{
  "display_name": "Dauntless",
  "description": "Plasma Bomber - High Damage. Attacks Land and Naval.",
  "TEMP_texelinfo": 10.4258,
  "audio": {
    "loops": {
      "move": {
        "cue": "/SE/Movement/air/air_bomber_loop",
        "flag": "vel_changed",
        "should_start_func": "is_moving",
        "should_stop_func": "is_not_moving"
      }
    },
    "selection_response": {
      "cue": "/SE/Selection/air/bomber"
    }
  },
  "base_spec": "/pa/units/air/base_flyer/base_flyer.json",
  "build_metal_cost": 350,
  "events": {
    "died": {
      "effect_scale": 0.75
    },
    "fired": {
      "audio_cue": "/SE/Weapons/air/bomber_fire"
    }
  },
  "fx_offsets": [
    {
      "bone": "lines_left",
      "filename": "/pa/units/air/l_bomber/bomber_lines.pfx",
      "type": "moving_forward"
    },
    {
      "bone": "lines_right",
      "filename": "/pa/units/air/l_bomber/bomber_lines.pfx",
      "type": "moving_forward"
    },
    {
      "bone": "thrust001",
      "filename": "/pa/units/air/l_bomber/bomber_lines_thrust.pfx",
      "type": "moving_forward"
    },
    {
      "bone": "thrust002",
      "filename": "/pa/units/air/l_bomber/bomber_lines_thrust.pfx",
      "type": "moving_forward"
    },
    {
      "bone": "thrust001",
      "filename": "/pa/units/air/l_bomber/bomber_jets.pfx",
      "type": "moving_forward"
    },
    {
      "bone": "thrust002",
      "filename": "/pa/units/air/l_bomber/bomber_jets.pfx",
      "type": "moving_forward"
    }
  ],
  "guard_layer": "WL_AnySurface",
  "guard_radius": 120,
  "maintain_priority_target": false,
  "max_health": 120,
  "mesh_bounds": [
    14,
    7.5,
    2.6
  ],
  "model": {
    "arrows": 5,
    "filename": "/pa/units/air/l_bomber/l_bomber.papa"
  },
  "navigation": {
    "acceleration": 75,
    "aggressive_height": 100,
    "brake": 20,
    "dodge_multiplier": 0,
    "dodge_radius": 0,
    "move_speed": 75,
    "turn_speed": 95,
    "wobble_factor": 0.05,
    "wobble_speed": 0.1
  },
  "physics": {
    "allow_pushing": false,
    "push_sideways": false
  },
  "recon": {
    "observer": {
      "items": [
        {
          "channel": "sight",
          "layer": "surface_and_air",
          "radius": 200,
          "shape": "capsule"
        },
        {
          "channel": "sight",
          "layer": "underwater",
          "radius": 200,
          "shape": "capsule"
        }
      ]
    }
  },
  "selection_icon": {
    "diameter": -19
  },
  "tools": [
    {
      "aim_bone": "bone_root",
      "muzzle_bone": "bone_payload",
      "spec_id": "/pa/units/air/l_bomber/l_bomber_tool_weapon.json"
    }
  ],
  "unit_types": [
    "UNITTYPE_Bomber",
    "UNITTYPE_Mobile",
    "UNITTYPE_Offense",
    "UNITTYPE_Air",
    "UNITTYPE_Basic",
    "UNITTYPE_FactoryBuild",
    "UNITTYPE_Custom1"
  ]
}
