{
  "base_spec": "/pa/ammo/base_bomb/base_bomb.json",
  "damage": 250,
  "events": {
    "died": {
      "effect_spec": "/pa/effects/specs/t1_bomber_effect.pfx"
    }
  },
  "full_damage_splash_radius": 1,
  "fx_trail": {
    "filename": "/pa/units/air/l_bomber/l_bomber_proj_trail.pfx",
    "offset": [
      0.0,
      0.0,
      0.0
    ]
  },
  "initial_velocity": 35.0,
  "lifetime": 2,
  "max_velocity": 35.0,
  "model": {
    "filename": ""
  },
  "physics": {
    "add_to_spatial_db": true
  },
  "splash_damage": 150,
  "splash_radius": 10
}
