{
  "audio_loop": "/SE/Movement/missile/missileship_fly_loop",
  "base_spec": "/pa/ammo/base_missiles/base_missile_tactical.json",
  "cruise_height": 60,
  "damage": 1000,
  "events": {
    "died": {
      "effect_spec": "/pa/units/sea/missile_ship/missile_ship_ammo_hit.pfx"
    }
  },
  "flight_type": "Staged",
  "fx_trail": {
    "filename": "/pa/units/sea/missile_ship/missile_ship_ammo_trail.pfx"
  },
  "influence_radius": 400,
  "initial_velocity": 80.0,
  "lifetime": 60,
  "max_velocity": 80.0,
  "physics": {
    "add_to_spatial_db": true
  },
  "splash_damage": 0,
  "splash_radius": 0,
  "stages": [
    {
      "ignores_LOS": true,
      "ignores_gravity": true,
      "rotates_to_velocity": true,
      "stage_duration": 100,
      "stage_turn_rate": 0
    },
    {
      "ignores_LOS": true,
      "ignores_gravity": true,
      "rotates_to_velocity": true,
      "stage_change_range": 30,
      "stage_duration": 0,
      "stage_turn_rate": 360
    },
    {
      "ignores_LOS": false,
      "ignores_gravity": false,
      "rotates_to_velocity": true,
      "stage_duration": 5000,
      "stage_turn_rate": 540
    }
  ],
  "turn_rate": 0
}
