{
  "base_spec": "/pa/ammo/base_bullet/base_bullet.json",
  "damage": 20,
  "events": {
    "died": {
      "effect_spec": "/pa/units/sea/sea_scout/sea_scout_ammo_hit.pfx"
    }
  },
  "fx_trail": {
    "filename": "/pa/units/sea/sea_scout/sea_scout_ammo_trail.pfx",
    "offset": [
      0.0,
      0.0,
      0.0
    ]
  },
  "initial_velocity": 130.0,
  "lifetime": 3,
  "max_velocity": 130.0,
  "model": null,
  "physics": {
    "add_to_spatial_db": true
  },
  "splash_damage": 0,
  "splash_radius": 0
}
