{
  "ammo_id": [
    {
      "id": "/pa/units/land/l_mortar_tank/l_mortar_tank_torpedo_water_ammo.json",
      "layer": "WL_Seafloor"
    },
    {
      "id": "/pa/units/land/l_mortar_tank/l_mortar_tank_torpedo_land_ammo.json",
      "layer": "WL_LandHorizontal"
    }
  ],
  "auto_attack": true,
  "base_spec": "/pa/tools/base_torpedo_turret/base_torpedo_turret.json",
  "exclude_unit_types": "Hover",
  "firing_arc_pitch": 90,
  "firing_arc_yaw": 45,
  "max_range": 150,
  "pitch_range": 90,
  "pitch_rate": 120,
  "rate_of_fire": 0.285,
  "spread_fire": true,
  "target_layers": [
    "WL_WaterSurface",
    "WL_Underwater",
    "WL_Seafloor"
  ],
  "yaw_range": 360,
  "yaw_rate": 160
}
