{
  "armor_damage_map": {
    "AT_Air": 1.0,
    "AT_Bot": 0.0,
    "AT_Commander": 0.0,
    "AT_Hover": 0.0,
    "AT_Naval": 0.0,
    "AT_Orbital": 0.0,
    "AT_Structure": 0.0,
    "AT_Vehicle": 0.0
  },
  "audio_loop": "/SE/Movement/missile/artillery_long_missile_fly_loop",
  "base_spec": "/pa/ammo/missile_seeking/missile_seeking.json",
  "damage": 25,
  "damage_volume": {
    "delay": 0,
    "initial_radius": 10,
    "radius_accel": -10.0,
    "radius_velocity": 50.0
  },
  "events": {
    "died": {
      "audio_cue": "/SE/Impacts/missile_artillery_long_holkins",
      "effect_spec": "/pa/effects/specs/default_explosion.pfx"
    }
  },
  "full_damage_splash_radius": 5,
  "fx_trail": {
    "filename": "/pa/units/land/l_hover_tank_adv/trail.pfx",
    "offset": [
      0,
      0,
      0
    ]
  },
  "influence_radius": 900,
  "initial_velocity": 20,
  "lifetime": 3,
  "max_velocity": 180,
  "min_velocity": 20,
  "model": {
    "filename": "/pa/units/air/shell_large/shell_large.papa"
  },
  "physics": {
    "add_to_spatial_db": true,
    "gravity_scalar": 10
  },
  "splash_damage": 25,
  "splash_radius": 15,
  "turn_rate": 720
}
