{
  "display_name": "Chain1",
  "description": "Chain Lightning",
  "TEMP_texelinfo": 5.39039,
  "base_spec": "/pa/units/land/base_bot/base_bot.json",
  "build_metal_cost": 90,
  "death": {},
  "events": {
    "died": {
      "audio_cue": "/SE/Impacts/laser_blast",
      "effect_spec": "/pa/units/land/l_tank_swarm/chain/electrode.pfx"
    },
    "fired": {
      "audio_cue": "/SE/Weapons/bot/spark_fire"
    }
  },
  "guard_layer": "WL_LandHorizontal",
  "guard_radius": 25,
  "max_health": 50,
  "mesh_bounds": [
    0.01,
    0.01,
    0.01
  ],
  "navigation": {
    "acceleration": 0,
    "brake": 0,
    "move_speed": 0,
    "turn_speed": 1080,
    "type": "hover"
  },
  "physics": {
    "allow_pushing": true,
    "radius": 0
  },
  "recon": {
    "observable": {
      "ignore_radar": true,
      "ignore_sight": true,
      "layer": "surface_and_air"
    },
    "observer": {
      "items": [
        {
          "channel": "sight",
          "layer": "surface_and_air",
          "radius": 10,
          "shape": "capsule"
        },
        {
          "channel": "sight",
          "layer": "underwater",
          "radius": 10,
          "shape": "capsule"
        }
      ]
    }
  },
  "tools": [
    {
      "aim_bone": "bone_root",
      "muzzle_bone": [
        "bone_root",
        "bone_root"
      ],
      "projectiles_per_fire": 2,
      "record_index": 0,
      "show_range": false,
      "spec_id": "/pa/units/land/l_tank_swarm/chain/chain_tool_weapon.json"
    },
    {
      "aim_bone": "bone_root",
      "record_index": 0,
      "show_range": false,
      "spec_id": "/pa/units/land/l_tank_swarm/chain/chain_death_tool_weapon.json"
    }
  ],
  "unit_types": [
    "UNITTYPE_Land",
    "UNITTYPE_Hover"
  ],
  "wreckage_health_frac": 0.0
}
