{
  "armor_damage_map": {
    "AT_Commander": 0.66
  },
  "base_spec": "/pa/ammo/base_laser_blast/base_laser_blast.json",
  "damage": 750,
  "fx_trail": {
    "filename": "/pa/units/land/l_tank_swarm/l_tank_swarm_trail.pfx"
  },
  "initial_velocity": 400.0,
  "lifetime": 0.3,
  "max_velocity": 400.0,
  "physics": {
    "add_to_spatial_db": true
  },
  "spawn_unit_on_death": "/pa/units/land/l_tank_swarm/chain/chain2.json",
  "spawn_unit_on_death_with_velocity": false,
  "splash_radius": 0,
  "turn_rate": 240
}
