{
  "display_name": "Chain2",
  "description": "Chain Lightning",
  "base_spec": "/pa/units/land/l_tank_swarm/chain/chain.json",
  "tools": [
    {
      "aim_bone": "bone_root",
      "muzzle_bone": [
        "bone_root"
      ],
      "projectiles_per_fire": 1,
      "record_index": 0,
      "show_range": false,
      "spec_id": "/pa/units/land/l_tank_swarm/chain/chain2_tool_weapon.json"
    },
    {
      "aim_bone": "bone_root",
      "record_index": 0,
      "show_range": false,
      "spec_id": "/pa/units/land/l_tank_swarm/chain/chain_death_tool_weapon.json"
    }
  ]
}
