{
  "base_spec": "/pa/ammo/base_bullet/base_bullet.json",
  "damage": 25,
  "events": {
    "died": {
      "effect_spec": "/pa/units/sea/hover_ship/hover_ship_ammo_side_hit.pfx"
    }
  },
  "fx_trail": {
    "filename": "/pa/units/sea/hover_ship/hover_ship_ammo_side_trail.pfx",
    "offset": [
      0.0,
      0.0,
      0.0
    ]
  },
  "initial_velocity": 150.0,
  "lifetime": 1.0,
  "max_velocity": 150.0,
  "model": null,
  "physics": {
    "add_to_spatial_db": true
  },
  "splash_damage": 0,
  "splash_radius": 0
}
