{
  "base_spec": "/pa/ammo/base_bullet/base_bullet.json",
  "damage": 20,
  "events": {
    "died": {
      "effect_spec": "/pa/units/air/gunship/gunship_ammo_hit.pfx"
    }
  },
  "flight_type": "Direct",
  "fx_trail": {
    "filename": "/pa/units/air/gunship/gunship_ammo_trail.pfx"
  },
  "initial_velocity": 150.0,
  "lifetime": 2,
  "max_velocity": 150.0,
  "physics": {
    "add_to_spatial_db": true,
    "allow_underground": true,
    "ignore_gravity": true,
    "radius": 1,
    "type": "Projectile"
  },
  "splash_damage": 0,
  "splash_radius": 0
}
