{
  "ammo_capacity": 15,
  "ammo_demand": 1,
  "ammo_id": "/pa/units/air/l_air_scout_adv/l_air_scout_adv_vision_ammo.json",
  "ammo_per_shot": 15,
  "ammo_source": "time",
  "auto_attack": true,
  "base_spec": "/pa/tools/base_missile_tactical_turret/base_missile_tactical_turret.json",
  "firing_arc_pitch": 90,
  "firing_arc_yaw": 360,
  "max_range": 300,
  "pitch_range": 90,
  "pitch_rate": 3600,
  "rate_of_fire": 0.1,
  "spread_fire": true,
  "target_layers": [
    "WL_LandHorizontal",
    "WL_WaterSurface",
    "WL_Air",
    "WL_Underwater"
  ],
  "yaw_range": 360,
  "yaw_rate": 3600
}
