{
  "ammo_id": "/pa/units/commanders/l_rockteeth/gatling_gun_ammo.json",
  "auto_attack": true,
  "base_spec": "/pa/tools/base_bot_weapon/base_bot_weapon.json",
  "firing_arc_pitch": 90,
  "firing_arc_yaw": 10,
  "idle_aim_delay": 10,
  "max_range": 100,
  "pitch_range": 90,
  "pitch_rate": 360,
  "rate_of_fire": 2,
  "spread_fire": false,
  "target_layers": [
    "WL_LandHorizontal",
    "WL_Seafloor"
  ],
  "target_priorities": [
    "Mobile - Air",
    "Mobile",
    "Structure - Wall"
  ],
  "yaw_range": 360,
  "yaw_rate": 360
}
