{
  "ammo_id": "/pa/units/commanders/l_rockteeth/gatling_gun_aa_ammo.json",
  "auto_attack": true,
  "base_spec": "/pa/tools/base_bot_weapon/base_bot_weapon.json",
  "firing_arc_pitch": 360,
  "firing_arc_yaw": 360,
  "idle_aim_delay": 5,
  "max_range": 150,
  "pitch_range": 90,
  "pitch_rate": 360,
  "rate_of_fire": 10,
  "spread_fire": false,
  "target_layers": [
    "WL_Air"
  ],
  "target_priorities": [
    "Air & Bomber",
    "Air & Gunship",
    "Air & Transport",
    "Mobile & Air"
  ],
  "yaw_range": 360,
  "yaw_rate": 360
}
