{
  "ammo_type": "AMMO_Projectile",
  "armor_damage_map": {
    "AT_Structure": 1.0
  },
  "damage": 80,
  "events": {
    "died": {
      "effect_spec": "/pa/effects/specs/default_proj_explosion.pfx"
    }
  },
  "flight_layer": "Air",
  "flight_type": "Seeking",
  "full_damage_splash_radius": 5,
  "initial_velocity": 250.0,
  "lifetime": 2,
  "max_velocity": 250.0,
  "model": null,
  "physics": {
    "add_to_spatial_db": true,
    "allow_underground": true,
    "ignore_gravity": true,
    "radius": 1,
    "type": "Projectile"
  },
  "recon": {
    "observable": {
      "ignore_radar": true
    }
  },
  "spawn_layers": "WL_Air",
  "splash_damage": 0,
  "splash_damages_allies": false,
  "splash_radius": 0,
  "turn_rate": 360.0
}
