{
  "display_name": "Boombot Cocoon",
  "description": "I wonder what is inside this evil cocoon",
  "TEMP_texelinfo": 6.38702,
  "base_spec": "/pa/units/land/base_bot/base_bot.json",
  "build_metal_cost": 50,
  "damageable": false,
  "death": {
    "decals": []
  },
  "events": {
    "build_complete": {
      "audio_cue": "/SE/Build_Complete/air"
    },
    "died": {
      "audio_cue": "/SE/Death/Bot_bomb",
      "effect_scale": 1.0,
      "effect_spec": "/pa/effects/specs/none.pfx"
    },
    "fired": {
      "audio_cue": "/SE/Weapons/air/carrier_drone_fire"
    }
  },
  "fx_offsets": [
    {
      "bone": "bone_root",
      "filename": "/pa/effects/specs/none.pfx",
      "offset": [
        0,
        0,
        5
      ],
      "type": "idle"
    }
  ],
  "guard_layer": "WL_AnySurface",
  "guard_radius": 0,
  "max_health": 500,
  "mesh_bounds": [
    0.01,
    0.01,
    0.01
  ],
  "navigation": {
    "acceleration": 0,
    "brake": 0,
    "move_speed": 0,
    "turn_speed": 0,
    "type": "land-small",
    "wobble_factor": 0.1,
    "wobble_speed": 0.2
  },
  "physics": {
    "allow_pushing": true,
    "radius": 0
  },
  "recon": {
    "observer": {
      "items": [
        {
          "channel": "sight",
          "layer": "surface_and_air",
          "radius": 0,
          "shape": "capsule"
        }
      ]
    }
  },
  "selection_icon": {
    "diameter": -1
  },
  "spawn_unit_on_death": "/pa/units/land/l_necromancer/minion/minion.json",
  "tools": [
    {
      "aim_bone": "bone_root",
      "record_index": 0,
      "spec_id": "/pa/units/land/l_necromancer/minion/minion_spawner_death_weapon.json"
    }
  ],
  "unit_types": [
    "UNITTYPE_SelfDestruct",
    "UNITTYPE_Bot",
    "UNITTYPE_Land",
    "UNITTYPE_Basic",
    "UNITTYPE_Custom1"
  ],
  "wreckage_health_frac": 0.0
}
