{
  "armor_damage_map": {
    "AT_Commander": 1.3,
    "AT_Structure": 1.3,
    "AT_Vehicle": 1.3
  },
  "base_spec": "/pa/ammo/base_shell/base_shell.json",
  "damage": 125,
  "events": {
    "died": {
      "audio_cue": "/SE/Impacts/shell_bullet",
      "effect_scale": 0.7,
      "effect_spec": "/pa/units/land/l_sniper_bot/beam_hit.pfx"
    }
  },
  "full_damage_splash_radius": 0,
  "fx_trail": {
    "filename": "/pa/units/land/l_sniper_bot/beam_trail.pfx",
    "offset": [
      0.0,
      1.0,
      0.0
    ]
  },
  "initial_velocity": 500.0,
  "lifetime": 0.28,
  "max_velocity": 500.0,
  "model": {
    "filename": ""
  },
  "physics": {
    "add_to_spatial_db": true,
    "gravity_scalar": 10
  },
  "splash_radius": 0
}
