{
  "ammo_id": "/pa/units/air/support_platform/support_platform_interception_ammo.json",
  "anti_entity_targets": [
    "/pa/units/air/fighter/fighter_ammo.json",
    "/pa/units/air/fighter_adv/fighter_adv_ammo.json",
    "/pa/units/land/aa_missile_vehicle/aa_missile_vehicle_ammo.json",
    "/pa/units/land/air_defense/air_defense_ammo.json",
    "/pa/units/commanders/base_commander/base_commander_aa_ammo.json",
    "/pa/units/land/l_bot_aa/l_bot_aa_ammo.json",
    "/pa/units/land/l_air_defense_adv/l_air_defense_adv_ammo.json",
    "/pa/units/air/l_fighter_adv/l_fighter_adv_rocket_ammo.json",
    "/pa/units/land/l_hover_tank_adv/l_hover_tank_adv_ammo.json"
  ],
  "anti_entity_targets_units": false,
  "auto_attack": true,
  "auto_task_type": "anti_entity",
  "base_spec": "/pa/tools/base_shell_turret/base_shell_turret.json",
  "firing_arc_pitch": 360,
  "firing_arc_yaw": 360,
  "idle_aim_delay": 0.0,
  "max_range": 160,
  "pitch_range": 0,
  "pitch_rate": 0,
  "rate_of_fire": 5.0,
  "spread_fire": true,
  "target_layers": [
    "WL_Air",
    "WL_Orbital"
  ],
  "yaw_range": 0,
  "yaw_rate": 0
}
