{
  "audio_loop": "/SE/Movement/missile/artillery_long_missile_fly_loop",
  "base_spec": "/pa/ammo/missile_seeking/missile_seeking.json",
  "damage": 250,
  "events": {
    "died": {
      "audio_cue": "/SE/Impacts/missile_tactical",
      "effect_spec": "/pa/units/air/l_gunship/rocket_explosion.pfx"
    }
  },
  "full_damage_splash_radius": 2,
  "fx_trail": {
    "filename": "/pa/units/air/l_gunship/rocket_proj_trail.pfx",
    "offset": [
      0,
      0,
      0
    ]
  },
  "influence_radius": 900,
  "initial_velocity": 80,
  "lifetime": 30,
  "max_velocity": 120,
  "model": {
    "filename": "/pa/units/air/shell/shell.papa"
  },
  "physics": {
    "add_to_spatial_db": true,
    "gravity_scalar": 10
  }
}
