{
  "ammo_type": "AMMO_Projectile",
  "armor_damage_map": {
    "AT_Bot": 0,
    "AT_Commander": 0,
    "AT_Hover": 0,
    "AT_Naval": 0,
    "AT_Orbital": 0,
    "AT_Structure": 0,
    "AT_Vehicle": 0
  },
  "cruise_height": 80,
  "damage": 0,
  "flight_type": "Staged",
  "full_damage_splash_radius": 0,
  "fx_trail": {
    "filename": "/pa/units/air/l_air_carrier/l_drone/l_drone_trail.pfx",
    "offset": [
      0,
      1.5,
      0
    ]
  },
  "initial_velocity": 110,
  "lifetime": 5,
  "max_velocity": 110,
  "model": {
    "filename": "/pa/units/air/l_air_carrier/l_drone/l_drone.papa"
  },
  "physics": {
    "allow_underground": true,
    "gravity_scalar": 5,
    "ignore_gravity": true,
    "radius": 1
  },
  "recon": {
    "observable": {
      "ignore_radar": true
    }
  },
  "spawn_layers": "WL_Air",
  "spawn_unit_on_death": "/pa/units/air/l_air_carrier/l_drone/l_drone.json",
  "spawn_unit_on_death_with_velocity": true,
  "splash_damage": 0,
  "splash_radius": 0,
  "stages": [
    {
      "ignores_LOS": true,
      "ignores_gravity": true,
      "rotates_to_velocity": true,
      "stage_duration": 250,
      "stage_turn_rate": 0
    },
    {
      "apply_thrust": true,
      "ignores_LOS": true,
      "ignores_gravity": true,
      "rotates_to_velocity": true,
      "stage_duration": 750,
      "stage_turn_rate": 270
    },
    {
      "die_here": true
    }
  ],
  "turn_rate": 720
}
