{
  "base_spec": "/pa/ammo/base_shell/base_shell.json",
  "damage": 300,
  "events": {
    "died": {
      "effect_spec": "/pa/units/land/tank_laser_adv/tank_laser_adv_ammo_hit.pfx"
    }
  },
  "full_damage_splash_radius": 1,
  "fx_trail": {
    "filename": "/pa/units/land/tank_laser_adv/tank_laser_adv_ammo_trail.pfx"
  },
  "initial_velocity": 140.0,
  "lifetime": 2,
  "max_velocity": 140.0,
  "physics": {
    "add_to_spatial_db": true,
    "allow_underground": true,
    "gravity_scalar": 7,
    "radius": 1,
    "type": "Projectile"
  },
  "splash_damage": 300,
  "splash_damages_allies": false,
  "splash_radius": 3
}
