{
  "recon": {
    "observable": {
      "always_visible": true,
      "ignore_radar": true,
      "layer": "surface_and_air",
      "sphere_radius": 5
    }
  },
  "spawn_response": {
    "camera_shake": {
      "duration": 2,
      "height": {
        "keys": [
          [
            0,
            2
          ],
          [
            0.5,
            0.6
          ],
          [
            0.8,
            0.4
          ],
          [
            2,
            0
          ]
        ],
        "stepped": false
      },
      "interval": {
        "keys": [
          [
            0,
            0
          ],
          [
            0.5,
            0
          ],
          [
            1,
            0
          ],
          [
            2,
            0
          ]
        ],
        "stepped": false
      },
      "max_falloff_dist": 750.0,
      "min_falloff_dist": 150.0,
      "width": {
        "keys": [
          [
            0,
            2
          ],
          [
            0.5,
            0.6
          ],
          [
            0.8,
            0.4
          ],
          [
            2,
            0
          ]
        ],
        "stepped": false
      }
    }
  }
}
