{
  "ammo_capacity": 1.2,
  "ammo_demand": 1,
  "ammo_id": "/pa/units/land/l_bot_aa/l_bot_aa_ammo.json",
  "ammo_per_shot": 0.6,
  "ammo_source": "time",
  "auto_attack": true,
  "base_spec": "/pa/tools/base_missile_turret/base_missile_turret.json",
  "carpet_fire": true,
  "carpet_wait_for_full_ammo": true,
  "charge_ammo_when_targeting": false,
  "idle_aim_delay": 3,
  "max_range": 100,
  "pitch_range": 85,
  "pitch_rate": 720,
  "rate_of_fire": 4,
  "spread_fire": true,
  "target_layers": [
    "WL_Air"
  ],
  "target_priorities": [
    "Air & Bomber",
    "Air & Gunship",
    "Air & Mobile"
  ],
  "yaw_range": 180,
  "yaw_rate": 720
}
