{
  "ammo_id": "/pa/units/land/tactical_missile_launcher/tactical_missile_antidrop_ammo.json",
  "anti_entity_targets": [
    "/pa/units/land/unit_cannon/unit_cannon_deploy.json",
    "/pa/units/orbital/l_orbital_dropper/l_orbital_dropper_ammo.json"
  ],
  "anti_entity_targets_units": false,
  "auto_attack": true,
  "auto_task_type": "anti_entity",
  "base_spec": "/pa/tools/base_missile_tactical_turret/base_missile_tactical_turret.json",
  "firing_arc_pitch": 180,
  "firing_arc_yaw": 180,
  "idle_aim_delay": 0.1,
  "manual_fire": true,
  "max_range": 240,
  "pitch_range": 0,
  "pitch_rate": 0,
  "rate_of_fire": 0.25,
  "spread_fire": true,
  "target_layers": [
    "Orbital",
    "WL_Air"
  ],
  "yaw_range": 0,
  "yaw_rate": 0
}
