{
  "base_spec": "/pa/ammo/base_shell/base_shell.json",
  "damage": 125,
  "events": {
    "died": {
      "effect_spec": "/pa/units/land/l_tank_shank/proj_exp.pfx"
    }
  },
  "fx_trail": {
    "filename": "/pa/units/land/l_tank_shank/trail.pfx",
    "offset": [
      0,
      0,
      0
    ]
  },
  "initial_velocity": 150,
  "lifetime": 1,
  "max_velocity": 150,
  "model": {
    "filename": ""
  },
  "physics": {
    "add_to_spatial_db": true
  },
  "splash_damage": 20,
  "splash_radius": 5
}
